Username,Password,Employee ID
employee1,employee1,1
employee2,employee2,2
employee3,employee3,3
employee4,employee4,4
employee5,employee5,5
employee6,employee6,6
employee7,employee7,7
employee8,employee8,8
employee9,employee9,9
employee10,employee10,10
employee11,employee11,11
employee12,employee12,12
employee13,employee13,13
employee14,employee14,14
employee15,employee15,15
employee16,employee16,16
employee17,employee17,17
employee18,employee18,18
employee19,employee19,19
employee20,employee20,20
employee21,employee21,21
employee22,employee22,22
employee23,employee23,23
employee24,employee24,24
employee25,employee25,25
employee26,employee26,26
employee27,employee27,27
employee28,employee28,28
employee29,employee29,29
employee30,employee30,30
employee31,employee31,31
employee32,employee32,32
employee33,employee33,33
employee34,employee34,34
